﻿NOC,Best_Params,CV_MSE,CV_RMSE,Train_MSE,Train_RMSE,Train_R2
AFG,"{'learning_rate': 0.1, 'max_depth': 3, 'min_samples_leaf': 1, 'n_estimators': 100, 'subsample': 1.0}",-0.0,-0.0,0.0,0.0,1.0
AHO,"{'learning_rate': 0.1, 'max_depth': 3, 'min_samples_leaf': 1, 'n_estimators': 100, 'subsample': 1.0}",-0.0,-0.0,0.0,0.0,1.0
ALB,"{'learning_rate': 0.1, 'max_depth': 3, 'min_samples_leaf': 1, 'n_estimators': 100, 'subsample': 1.0}",-0.0,-0.0,0.0,0.0,1.0
ALG,"{'learning_rate': 0.1, 'max_depth': 3, 'min_samples_leaf': 2, 'n_estimators': 100, 'subsample': 1.0}",0.6470375463694399,0.8043864409408203,1.6253206194596065e-06,0.001274880629494231,0.9999968474384536
AND,"{'learning_rate': 0.1, 'max_depth': 3, 'min_samples_leaf': 1, 'n_estimators': 100, 'subsample': 1.0}",-0.0,-0.0,0.0,0.0,1.0
ANG,"{'learning_rate': 0.1, 'max_depth': 3, 'min_samples_leaf': 1, 'n_estimators': 100, 'subsample': 1.0}",-0.0,-0.0,0.0,0.0,1.0
ANT,"{'learning_rate': 0.1, 'max_depth': 3, 'min_samples_leaf': 1, 'n_estimators': 100, 'subsample': 1.0}",-0.0,-0.0,0.0,0.0,1.0
ARG,"{'learning_rate': 0.05, 'max_depth': 3, 'min_samples_leaf': 2, 'n_estimators': 100, 'subsample': 1.0}",0.9058053464922118,0.951738066114943,0.005552630259911626,0.07451597318636875,0.9956756013183177
ARM,"{'learning_rate': 0.1, 'max_depth': 3, 'min_samples_leaf': 1, 'n_estimators': 200, 'subsample': 1.0}",0.029174826202518954,0.17080639977038026,1.838841787183585e-16,1.3560390065125652e-08,0.999999999999999
ARU,"{'learning_rate': 0.1, 'max_depth': 3, 'min_samples_leaf': 1, 'n_estimators': 100, 'subsample': 1.0}",-0.0,-0.0,0.0,0.0,1.0
ASA,"{'learning_rate': 0.1, 'max_depth': 3, 'min_samples_leaf': 1, 'n_estimators': 100, 'subsample': 1.0}",-0.0,-0.0,0.0,0.0,1.0
AUS,"{'learning_rate': 0.05, 'max_depth': 4, 'min_samples_leaf': 2, 'n_estimators': 200, 'subsample': 0.8}",7.429094301830422,2.725636494808217,0.0037525638161286824,0.06125817346386262,0.9998821983512742
AUT,"{'learning_rate': 0.05, 'max_depth': 3, 'min_samples_leaf': 2, 'n_estimators': 100, 'subsample': 1.0}",1.2285201390728255,1.1083862770139414,0.040823944851146016,0.20204936241212446,0.9653708290612334
AZE,"{'learning_rate': 0.05, 'max_depth': 3, 'min_samples_leaf': 2, 'n_estimators': 100, 'subsample': 0.8}",1.2027588483447633,1.096703628308379,0.11240364833284026,0.33526653327291744,0.8155427309409801
BAH,"{'learning_rate': 0.05, 'max_depth': 3, 'min_samples_leaf': 1, 'n_estimators': 100, 'subsample': 0.8}",0.5305084793067476,0.7283601302286854,0.004206421350791837,0.06485692985943628,0.9910336808048911
BAN,"{'learning_rate': 0.1, 'max_depth': 3, 'min_samples_leaf': 1, 'n_estimators': 100, 'subsample': 1.0}",-0.0,-0.0,0.0,0.0,1.0
BAR,"{'learning_rate': 0.1, 'max_depth': 3, 'min_samples_leaf': 1, 'n_estimators': 100, 'subsample': 1.0}",-0.0,-0.0,0.0,0.0,1.0
BDI,"{'learning_rate': 0.1, 'max_depth': 3, 'min_samples_leaf': 1, 'n_estimators': 200, 'subsample': 1.0}",0.1,0.31622776601683794,2.0183947397533086e-16,1.4207021995313826e-08,0.9999999999999981
BEL,"{'learning_rate': 0.1, 'max_depth': 4, 'min_samples_leaf': 1, 'n_estimators': 100, 'subsample': 0.8}",7.764459801912719,2.786478028248692,0.0003032745164822849,0.017414778680255597,0.9999590603742597
BEN,"{'learning_rate': 0.1, 'max_depth': 3, 'min_samples_leaf': 1, 'n_estimators': 100, 'subsample': 1.0}",-0.0,-0.0,0.0,0.0,1.0
BER,"{'learning_rate': 0.1, 'max_depth': 3, 'min_samples_leaf': 1, 'n_estimators': 200, 'subsample': 1.0}",0.05000000000000001,0.223606797749979,2.036299118732522e-16,1.4269895300010165e-08,0.9999999999999957
BHU,"{'learning_rate': 0.1, 'max_depth': 3, 'min_samples_leaf': 1, 'n_estimators': 100, 'subsample': 1.0}",-0.0,-0.0,0.0,0.0,1.0
BIH,"{'learning_rate': 0.1, 'max_depth': 3, 'min_samples_leaf': 1, 'n_estimators': 100, 'subsample': 1.0}",-0.0,-0.0,0.0,0.0,1.0
BIZ,"{'learning_rate': 0.1, 'max_depth': 3, 'min_samples_leaf': 1, 'n_estimators': 100, 'subsample': 1.0}",-0.0,-0.0,0.0,0.0,1.0
BLR,"{'learning_rate': 0.1, 'max_depth': 4, 'min_samples_leaf': 1, 'n_estimators': 200, 'subsample': 1.0}",0.23386106276163882,0.48359183487900087,2.0364407604875764e-16,1.4270391587085395e-08,0.9999999999999997
BOL,"{'learning_rate': 0.1, 'max_depth': 3, 'min_samples_leaf': 1, 'n_estimators': 100, 'subsample': 1.0}",-0.0,-0.0,0.0,0.0,1.0
BOT,"{'learning_rate': 0.1, 'max_depth': 3, 'min_samples_leaf': 1, 'n_estimators': 200, 'subsample': 1.0}",0.10000000000000002,0.31622776601683794,2.1485635166054702e-16,1.465797911243385e-08,0.9999999999999972
BRA,"{'learning_rate': 0.1, 'max_depth': 4, 'min_samples_leaf': 2, 'n_estimators': 100, 'subsample': 0.8}",1.4275644601418016,1.1948072899601012,0.002342616881785867,0.048400587618187725,0.9994577275736607
BRN,"{'learning_rate': 0.05, 'max_depth': 3, 'min_samples_leaf': 2, 'n_estimators': 100, 'subsample': 0.8}",0.29443670180961806,0.542620218762274,0.019483909026383386,0.13958477361941518,0.9528489401561522
BRU,"{'learning_rate': 0.1, 'max_depth': 3, 'min_samples_leaf': 1, 'n_estimators': 100, 'subsample': 1.0}",-0.0,-0.0,0.0,0.0,1.0
BUL,"{'learning_rate': 0.1, 'max_depth': 3, 'min_samples_leaf': 1, 'n_estimators': 200, 'subsample': 0.8}",3.7015644745936394,1.9239450289947577,3.0779647760424257e-07,0.0005547940857689838,0.9999999600071154
BUR,"{'learning_rate': 0.1, 'max_depth': 3, 'min_samples_leaf': 1, 'n_estimators': 100, 'subsample': 1.0}",-0.0,-0.0,0.0,0.0,1.0
CAF,"{'learning_rate': 0.1, 'max_depth': 3, 'min_samples_leaf': 1, 'n_estimators': 100, 'subsample': 1.0}",-0.0,-0.0,0.0,0.0,1.0
CAM,"{'learning_rate': 0.1, 'max_depth': 3, 'min_samples_leaf': 1, 'n_estimators': 100, 'subsample': 1.0}",-0.0,-0.0,0.0,0.0,1.0
CAN,"{'learning_rate': 0.1, 'max_depth': 4, 'min_samples_leaf': 2, 'n_estimators': 100, 'subsample': 1.0}",4.1510789687559235,2.037419684001292,0.00638781853554049,0.07992382958505236,0.9990515262379256
CAY,"{'learning_rate': 0.1, 'max_depth': 3, 'min_samples_leaf': 1, 'n_estimators': 100, 'subsample': 1.0}",-0.0,-0.0,0.0,0.0,1.0
CGO,"{'learning_rate': 0.1, 'max_depth': 3, 'min_samples_leaf': 1, 'n_estimators': 100, 'subsample': 1.0}",-0.0,-0.0,0.0,0.0,1.0
CHA,"{'learning_rate': 0.1, 'max_depth': 3, 'min_samples_leaf': 1, 'n_estimators': 100, 'subsample': 1.0}",-0.0,-0.0,0.0,0.0,1.0
CHI,"{'learning_rate': 0.05, 'max_depth': 4, 'min_samples_leaf': 2, 'n_estimators': 100, 'subsample': 1.0}",0.4018935674420117,0.6339507610548407,0.0015313028973097688,0.03913186549744043,0.992053779559906
CHN,"{'learning_rate': 0.05, 'max_depth': 4, 'min_samples_leaf': 1, 'n_estimators': 200, 'subsample': 1.0}",49.42721636330021,7.0304492291247085,3.8320313263643083e-07,0.000619034031888741,0.9999999985609737
CIV,"{'learning_rate': 0.1, 'max_depth': 3, 'min_samples_leaf': 1, 'n_estimators': 100, 'subsample': 0.8}",0.07739230440159658,0.27819472389245015,4.460085129873652e-08,0.00021118913631798517,0.9999992832006042
CMR,"{'learning_rate': 0.1, 'max_depth': 4, 'min_samples_leaf': 2, 'n_estimators': 100, 'subsample': 0.8}",0.20250835407026582,0.45000928220456277,9.744530187661194e-05,0.009871438693352249,0.9993603590440919
COD,"{'learning_rate': 0.1, 'max_depth': 3, 'min_samples_leaf': 1, 'n_estimators': 100, 'subsample': 1.0}",-0.0,-0.0,0.0,0.0,1.0
COK,"{'learning_rate': 0.1, 'max_depth': 3, 'min_samples_leaf': 1, 'n_estimators': 100, 'subsample': 1.0}",-0.0,-0.0,0.0,0.0,1.0
COL,"{'learning_rate': 0.1, 'max_depth': 3, 'min_samples_leaf': 1, 'n_estimators': 200, 'subsample': 1.0}",0.30469616758038254,0.551992905371421,2.2076460789255927e-16,1.4858149544696313e-08,0.9999999999999996
COM,"{'learning_rate': 0.1, 'max_depth': 3, 'min_samples_leaf': 1, 'n_estimators': 100, 'subsample': 1.0}",-0.0,-0.0,0.0,0.0,1.0
CPV,"{'learning_rate': 0.1, 'max_depth': 3, 'min_samples_leaf': 1, 'n_estimators': 100, 'subsample': 1.0}",-0.0,-0.0,0.0,0.0,1.0
CRC,"{'learning_rate': 0.1, 'max_depth': 4, 'min_samples_leaf': 2, 'n_estimators': 100, 'subsample': 1.0}",0.11494704480273717,0.3390384119871038,4.0164970102093e-05,0.006337583932548191,0.9992745202275309
CRO,"{'learning_rate': 0.05, 'max_depth': 3, 'min_samples_leaf': 2, 'n_estimators': 100, 'subsample': 0.8}",2.0998940113069247,1.4491011045841227,0.06025874448785056,0.24547656606660148,0.9748404211158974
CUB,"{'learning_rate': 0.05, 'max_depth': 3, 'min_samples_leaf': 2, 'n_estimators': 200, 'subsample': 1.0}",6.060471860057216,2.4618025631754503,0.038562261143408084,0.19637276069610082,0.9977166514277073
CYP,"{'learning_rate': 0.1, 'max_depth': 3, 'min_samples_leaf': 1, 'n_estimators': 100, 'subsample': 1.0}",-0.0,-0.0,0.0,0.0,1.0
CZE,"{'learning_rate': 0.05, 'max_depth': 3, 'min_samples_leaf': 2, 'n_estimators': 100, 'subsample': 0.8}",3.432275979907703,1.8526402726670128,0.0630425346184182,0.2510827246514945,0.9561443237437091
DEN,"{'learning_rate': 0.05, 'max_depth': 3, 'min_samples_leaf': 2, 'n_estimators': 100, 'subsample': 0.8}",1.8564173298024453,1.362504065976482,0.062168685432020906,0.24933649037399422,0.9541378550091649
DJI,"{'learning_rate': 0.1, 'max_depth': 3, 'min_samples_leaf': 1, 'n_estimators': 100, 'subsample': 1.0}",-0.0,-0.0,0.0,0.0,1.0
DMA,"{'learning_rate': 0.1, 'max_depth': 3, 'min_samples_leaf': 2, 'n_estimators': 200, 'subsample': 1.0}",0.201709855620079,0.4491212037079512,0.0023079236826806927,0.04804085430839769,0.9788989834726337
DOM,"{'learning_rate': 0.1, 'max_depth': 3, 'min_samples_leaf': 1, 'n_estimators': 100, 'subsample': 1.0}",0.2491408869299833,0.49914014758380565,1.3228273328743443e-10,1.1501423098357631e-05,0.9999999992944921
ECU,"{'learning_rate': 0.05, 'max_depth': 4, 'min_samples_leaf': 2, 'n_estimators': 100, 'subsample': 0.8}",0.40980045231606416,0.6401565842167556,0.023157371375488046,0.15217546246188327,0.9258964115984383
EGY,"{'learning_rate': 0.05, 'max_depth': 4, 'min_samples_leaf': 2, 'n_estimators': 100, 'subsample': 1.0}",0.30844074563399526,0.5553744193190709,0.0011490716028503686,0.0338979586826459,0.9976277231425025
ERI,"{'learning_rate': 0.1, 'max_depth': 3, 'min_samples_leaf': 1, 'n_estimators': 100, 'subsample': 1.0}",-0.0,-0.0,0.0,0.0,1.0
ESA,"{'learning_rate': 0.1, 'max_depth': 3, 'min_samples_leaf': 1, 'n_estimators': 100, 'subsample': 1.0}",-0.0,-0.0,0.0,0.0,1.0
ESP,"{'learning_rate': 0.05, 'max_depth': 3, 'min_samples_leaf': 1, 'n_estimators': 100, 'subsample': 1.0}",5.229634908284825,2.2868395020824757,0.0014475726258378204,0.03804697919464593,0.9998417192282805
EST,"{'learning_rate': 0.05, 'max_depth': 3, 'min_samples_leaf': 2, 'n_estimators': 100, 'subsample': 0.8}",0.7242964535696363,0.8510560813305057,0.020346391731648587,0.1426407786421842,0.9584594502145508
ETH,"{'learning_rate': 0.05, 'max_depth': 3, 'min_samples_leaf': 1, 'n_estimators': 100, 'subsample': 0.8}",1.5921168644793657,1.2617911334604337,0.005250498263720634,0.07246032199570075,0.996353820650194
FIJ,"{'learning_rate': 0.1, 'max_depth': 3, 'min_samples_leaf': 1, 'n_estimators': 200, 'subsample': 1.0}",0.13333333333333336,0.36514837167011077,2.0183947397533086e-16,1.4207021995313826e-08,0.9999999999999981
FIN,"{'learning_rate': 0.05, 'max_depth': 3, 'min_samples_leaf': 2, 'n_estimators': 100, 'subsample': 0.8}",10.999121464364318,3.3164923434804305,0.056985390377435004,0.23871612927792502,0.9965495407741807
FRA,"{'learning_rate': 0.05, 'max_depth': 3, 'min_samples_leaf': 2, 'n_estimators': 100, 'subsample': 0.8}",23.768305934041596,4.875274959839865,0.939692099588948,0.9693771709654339,0.968941941542682
FSM,"{'learning_rate': 0.1, 'max_depth': 3, 'min_samples_leaf': 1, 'n_estimators': 100, 'subsample': 1.0}",-0.0,-0.0,0.0,0.0,1.0
GAB,"{'learning_rate': 0.1, 'max_depth': 3, 'min_samples_leaf': 1, 'n_estimators': 100, 'subsample': 1.0}",-0.0,-0.0,0.0,0.0,1.0
GAM,"{'learning_rate': 0.1, 'max_depth': 3, 'min_samples_leaf': 1, 'n_estimators': 100, 'subsample': 1.0}",-0.0,-0.0,0.0,0.0,1.0
GBR,"{'learning_rate': 0.05, 'max_depth': 4, 'min_samples_leaf': 1, 'n_estimators': 200, 'subsample': 0.8}",103.89980397641514,10.193125329182172,0.004036066202441344,0.06353004173177713,0.9999682368676253
GBS,"{'learning_rate': 0.1, 'max_depth': 3, 'min_samples_leaf': 1, 'n_estimators': 100, 'subsample': 1.0}",-0.0,-0.0,0.0,0.0,1.0
GEO,"{'learning_rate': 0.05, 'max_depth': 3, 'min_samples_leaf': 2, 'n_estimators': 100, 'subsample': 0.8}",2.03030924657656,1.4248892050179058,0.019645722011732265,0.14016319777934672,0.9840844783702423
GEQ,"{'learning_rate': 0.1, 'max_depth': 3, 'min_samples_leaf': 1, 'n_estimators': 100, 'subsample': 1.0}",-0.0,-0.0,0.0,0.0,1.0
GER,"{'learning_rate': 0.05, 'max_depth': 3, 'min_samples_leaf': 2, 'n_estimators': 200, 'subsample': 0.8}",119.60030296427567,10.936192343054126,0.19543697392594053,0.44208254198276203,0.9984778053869208
GHA,"{'learning_rate': 0.1, 'max_depth': 3, 'min_samples_leaf': 1, 'n_estimators': 100, 'subsample': 1.0}",-0.0,-0.0,0.0,0.0,1.0
GRE,"{'learning_rate': 0.05, 'max_depth': 3, 'min_samples_leaf': 1, 'n_estimators': 100, 'subsample': 0.8}",5.026011973195769,2.241876886270914,0.05188454534684361,0.2277817932733949,0.9891464849633617
GRN,"{'learning_rate': 0.05, 'max_depth': 3, 'min_samples_leaf': 2, 'n_estimators': 100, 'subsample': 0.8}",0.16419064107386058,0.4052044435514751,0.0164541491532676,0.12827372744746915,0.800904795245462
GUA,"{'learning_rate': 0.1, 'max_depth': 3, 'min_samples_leaf': 1, 'n_estimators': 200, 'subsample': 1.0}",0.06666666666666668,0.25819888974716115,1.9224503066826998e-16,1.3865245424018646e-08,0.9999999999999966
GUI,"{'learning_rate': 0.1, 'max_depth': 3, 'min_samples_leaf': 1, 'n_estimators': 100, 'subsample': 1.0}",-0.0,-0.0,0.0,0.0,1.0
GUM,"{'learning_rate': 0.1, 'max_depth': 3, 'min_samples_leaf': 1, 'n_estimators': 100, 'subsample': 1.0}",-0.0,-0.0,0.0,0.0,1.0
GUY,"{'learning_rate': 0.1, 'max_depth': 3, 'min_samples_leaf': 1, 'n_estimators': 100, 'subsample': 1.0}",-0.0,-0.0,0.0,0.0,1.0
HAI,"{'learning_rate': 0.1, 'max_depth': 3, 'min_samples_leaf': 1, 'n_estimators': 100, 'subsample': 1.0}",-0.0,-0.0,0.0,0.0,1.0
HKG,"{'learning_rate': 0.05, 'max_depth': 4, 'min_samples_leaf': 1, 'n_estimators': 100, 'subsample': 0.8}",0.39890096536255953,0.6315860712227269,0.0001028655824806184,0.010142267127256036,0.9996377342530031
HON,"{'learning_rate': 0.1, 'max_depth': 3, 'min_samples_leaf': 1, 'n_estimators': 100, 'subsample': 1.0}",-0.0,-0.0,0.0,0.0,1.0
HUN,"{'learning_rate': 0.05, 'max_depth': 3, 'min_samples_leaf': 2, 'n_estimators': 100, 'subsample': 0.8}",12.590705072945946,3.5483383537856064,0.24162260814657438,0.49155122637073584,0.9815201333711104
INA,"{'learning_rate': 0.05, 'max_depth': 3, 'min_samples_leaf': 1, 'n_estimators': 100, 'subsample': 0.8}",0.5472446083345295,0.7397598315227243,0.0009357837253627975,0.030590582298524453,0.9980402790099286
IND,"{'learning_rate': 0.05, 'max_depth': 3, 'min_samples_leaf': 2, 'n_estimators': 100, 'subsample': 0.8}",0.28067566709058084,0.5297883229088585,0.014667892579015048,0.12111107537717204,0.9380281538536615
IRI,"{'learning_rate': 0.05, 'max_depth': 3, 'min_samples_leaf': 2, 'n_estimators': 100, 'subsample': 1.0}",1.768328869601175,1.3297852719898708,0.08238916349212586,0.28703512588553665,0.9741818680376237
IRL,"{'learning_rate': 0.05, 'max_depth': 3, 'min_samples_leaf': 1, 'n_estimators': 200, 'subsample': 1.0}",0.6605289469457273,0.8127293196050744,1.225937692908284e-05,0.0035013393050492606,0.9999896402389848
IRQ,"{'learning_rate': 0.1, 'max_depth': 3, 'min_samples_leaf': 1, 'n_estimators': 100, 'subsample': 1.0}",-0.0,-0.0,0.0,0.0,1.0
ISL,"{'learning_rate': 0.1, 'max_depth': 3, 'min_samples_leaf': 1, 'n_estimators': 100, 'subsample': 1.0}",-0.0,-0.0,0.0,0.0,1.0
ISR,"{'learning_rate': 0.1, 'max_depth': 3, 'min_samples_leaf': 1, 'n_estimators': 200, 'subsample': 1.0}",0.31967825946261114,0.565400972286581,1.959454293827751e-16,1.399805091370849e-08,0.9999999999999993
ISV,"{'learning_rate': 0.1, 'max_depth': 3, 'min_samples_leaf': 1, 'n_estimators': 100, 'subsample': 1.0}",-0.0,-0.0,0.0,0.0,1.0
ITA,"{'learning_rate': 0.05, 'max_depth': 3, 'min_samples_leaf': 2, 'n_estimators': 100, 'subsample': 1.0}",25.483064194796444,5.048075296070419,0.2888562462692399,0.5374534828887425,0.9830261188293543
IVB,"{'learning_rate': 0.1, 'max_depth': 3, 'min_samples_leaf': 1, 'n_estimators': 100, 'subsample': 1.0}",-0.0,-0.0,0.0,0.0,1.0
JAM,"{'learning_rate': 0.05, 'max_depth': 4, 'min_samples_leaf': 2, 'n_estimators': 100, 'subsample': 0.8}",2.676565632148783,1.6360212810806536,0.04662314255927016,0.21592392771360508,0.9867054072165115
JOR,"{'learning_rate': 0.05, 'max_depth': 3, 'min_samples_leaf': 2, 'n_estimators': 100, 'subsample': 1.0}",0.1091613266764023,0.33039571225486913,0.008844046412913233,0.0940427903292604,0.8842233924127723
JPN,"{'learning_rate': 0.1, 'max_depth': 3, 'min_samples_leaf': 1, 'n_estimators': 200, 'subsample': 0.8}",38.92900533023781,6.239311286531375,1.1791262583560995e-05,0.003433840791819125,0.9999997376379168
KAZ,"{'learning_rate': 0.05, 'max_depth': 3, 'min_samples_leaf': 1, 'n_estimators': 100, 'subsample': 1.0}",0.86026987312841,0.9275073439754588,3.8886551619793436e-05,0.006235908243375093,0.9999649473337512
KEN,"{'learning_rate': 0.1, 'max_depth': 3, 'min_samples_leaf': 1, 'n_estimators': 200, 'subsample': 0.8}",3.3483088206068663,1.8298384684465638,1.5485116214968276e-07,0.0003935113240425017,0.9999999599980852
KGZ,"{'learning_rate': 0.1, 'max_depth': 3, 'min_samples_leaf': 1, 'n_estimators': 100, 'subsample': 1.0}",-0.0,-0.0,0.0,0.0,1.0
KIR,"{'learning_rate': 0.1, 'max_depth': 3, 'min_samples_leaf': 1, 'n_estimators': 100, 'subsample': 1.0}",-0.0,-0.0,0.0,0.0,1.0
KOR,"{'learning_rate': 0.05, 'max_depth': 3, 'min_samples_leaf': 1, 'n_estimators': 100, 'subsample': 1.0}",9.084380900126556,3.0140306733884703,0.0040264266565648524,0.06345413033495025,0.9998522224458093
KSA,"{'learning_rate': 0.1, 'max_depth': 3, 'min_samples_leaf': 1, 'n_estimators': 100, 'subsample': 1.0}",-0.0,-0.0,0.0,0.0,1.0
KUW,"{'learning_rate': 0.1, 'max_depth': 3, 'min_samples_leaf': 1, 'n_estimators': 100, 'subsample': 1.0}",-0.0,-0.0,0.0,0.0,1.0
LAO,"{'learning_rate': 0.1, 'max_depth': 3, 'min_samples_leaf': 1, 'n_estimators': 100, 'subsample': 1.0}",-0.0,-0.0,0.0,0.0,1.0
LAT,"{'learning_rate': 0.05, 'max_depth': 3, 'min_samples_leaf': 2, 'n_estimators': 100, 'subsample': 0.8}",0.18014433428700755,0.4244341342152013,0.0012332153100747026,0.03511716546184647,0.994210739238816
LBA,"{'learning_rate': 0.1, 'max_depth': 3, 'min_samples_leaf': 1, 'n_estimators': 100, 'subsample': 1.0}",-0.0,-0.0,0.0,0.0,1.0
LBR,"{'learning_rate': 0.1, 'max_depth': 3, 'min_samples_leaf': 1, 'n_estimators': 100, 'subsample': 1.0}",-0.0,-0.0,0.0,0.0,1.0
LCA,"{'learning_rate': 0.05, 'max_depth': 3, 'min_samples_leaf': 2, 'n_estimators': 100, 'subsample': 0.8}",0.2130233430669192,0.4615445190519753,0.01105892250259376,0.10516141166128268,0.898889851404857
LES,"{'learning_rate': 0.1, 'max_depth': 3, 'min_samples_leaf': 1, 'n_estimators': 100, 'subsample': 1.0}",-0.0,-0.0,0.0,0.0,1.0
LIB,"{'learning_rate': 0.1, 'max_depth': 3, 'min_samples_leaf': 1, 'n_estimators': 100, 'subsample': 1.0}",-0.0,-0.0,0.0,0.0,1.0
LIE,"{'learning_rate': 0.1, 'max_depth': 3, 'min_samples_leaf': 1, 'n_estimators': 100, 'subsample': 1.0}",-0.0,-0.0,0.0,0.0,1.0
LTU,"{'learning_rate': 0.1, 'max_depth': 4, 'min_samples_leaf': 1, 'n_estimators': 200, 'subsample': 0.8}",1.21055772089318,1.1002534802913282,2.1265034192762693e-10,1.458253551093317e-05,0.9999999996522879
LUX,"{'learning_rate': 0.05, 'max_depth': 4, 'min_samples_leaf': 1, 'n_estimators': 100, 'subsample': 0.8}",0.06320746960820428,0.25141095761363363,5.573097888793035e-05,0.007465318404993209,0.999187442327814
MAD,"{'learning_rate': 0.1, 'max_depth': 3, 'min_samples_leaf': 1, 'n_estimators': 100, 'subsample': 1.0}",-0.0,-0.0,0.0,0.0,1.0
MAR,"{'learning_rate': 0.05, 'max_depth': 3, 'min_samples_leaf': 2, 'n_estimators': 100, 'subsample': 0.8}",1.208759808048614,1.0994361318642452,0.01918241233929848,0.13850058606120944,0.9616351753214031
MAS,"{'learning_rate': 0.1, 'max_depth': 3, 'min_samples_leaf': 1, 'n_estimators': 100, 'subsample': 1.0}",-0.0,-0.0,0.0,0.0,1.0
MAW,"{'learning_rate': 0.1, 'max_depth': 3, 'min_samples_leaf': 1, 'n_estimators': 100, 'subsample': 1.0}",-0.0,-0.0,0.0,0.0,1.0
MDA,"{'learning_rate': 0.1, 'max_depth': 3, 'min_samples_leaf': 1, 'n_estimators': 100, 'subsample': 1.0}",-0.0,-0.0,0.0,0.0,1.0
MDV,"{'learning_rate': 0.1, 'max_depth': 3, 'min_samples_leaf': 1, 'n_estimators': 100, 'subsample': 1.0}",-0.0,-0.0,0.0,0.0,1.0
MEX,"{'learning_rate': 0.1, 'max_depth': 4, 'min_samples_leaf': 2, 'n_estimators': 100, 'subsample': 0.8}",1.4240505466254945,1.193335890110364,0.0020984296086707615,0.0458086193709302,0.9971238629267122
MGL,"{'learning_rate': 0.05, 'max_depth': 3, 'min_samples_leaf': 2, 'n_estimators': 200, 'subsample': 1.0}",0.2856442726550626,0.5344569885922184,0.0008439754462896048,0.02905125550281097,0.9966090272247292
MHL,"{'learning_rate': 0.1, 'max_depth': 3, 'min_samples_leaf': 1, 'n_estimators': 100, 'subsample': 1.0}",-0.0,-0.0,0.0,0.0,1.0
MKD,"{'learning_rate': 0.1, 'max_depth': 3, 'min_samples_leaf': 1, 'n_estimators': 100, 'subsample': 1.0}",-0.0,-0.0,0.0,0.0,1.0
MLI,"{'learning_rate': 0.1, 'max_depth': 3, 'min_samples_leaf': 1, 'n_estimators': 100, 'subsample': 1.0}",-0.0,-0.0,0.0,0.0,1.0
MLT,"{'learning_rate': 0.1, 'max_depth': 3, 'min_samples_leaf': 1, 'n_estimators': 100, 'subsample': 1.0}",-0.0,-0.0,0.0,0.0,1.0
MNE,"{'learning_rate': 0.1, 'max_depth': 3, 'min_samples_leaf': 1, 'n_estimators': 100, 'subsample': 1.0}",-0.0,-0.0,0.0,0.0,1.0
MON,"{'learning_rate': 0.1, 'max_depth': 3, 'min_samples_leaf': 1, 'n_estimators': 100, 'subsample': 1.0}",-0.0,-0.0,0.0,0.0,1.0
MOZ,"{'learning_rate': 0.05, 'max_depth': 3, 'min_samples_leaf': 2, 'n_estimators': 100, 'subsample': 0.8}",0.17279725306412994,0.4156888897530579,0.013277954887620881,0.11523000862458044,0.826179499652963
MRI,"{'learning_rate': 0.1, 'max_depth': 3, 'min_samples_leaf': 1, 'n_estimators': 100, 'subsample': 1.0}",-0.0,-0.0,0.0,0.0,1.0
MTN,"{'learning_rate': 0.1, 'max_depth': 3, 'min_samples_leaf': 1, 'n_estimators': 100, 'subsample': 1.0}",-0.0,-0.0,0.0,0.0,1.0
MYA,"{'learning_rate': 0.1, 'max_depth': 3, 'min_samples_leaf': 1, 'n_estimators': 100, 'subsample': 1.0}",-0.0,-0.0,0.0,0.0,1.0
NAM,"{'learning_rate': 0.1, 'max_depth': 3, 'min_samples_leaf': 1, 'n_estimators': 100, 'subsample': 1.0}",-0.0,-0.0,0.0,0.0,1.0
NCA,"{'learning_rate': 0.1, 'max_depth': 3, 'min_samples_leaf': 1, 'n_estimators': 100, 'subsample': 1.0}",-0.0,-0.0,0.0,0.0,1.0
NED,"{'learning_rate': 0.05, 'max_depth': 3, 'min_samples_leaf': 2, 'n_estimators': 200, 'subsample': 0.8}",5.297859251014361,2.3017078987165944,0.4452575849992112,0.667276243394901,0.9693114547627981
NEP,"{'learning_rate': 0.1, 'max_depth': 3, 'min_samples_leaf': 1, 'n_estimators': 100, 'subsample': 1.0}",-0.0,-0.0,0.0,0.0,1.0
NGR,"{'learning_rate': 0.1, 'max_depth': 3, 'min_samples_leaf': 2, 'n_estimators': 100, 'subsample': 1.0}",0.2745848823030923,0.5240084754115073,0.00023155934602300872,0.015217074161053718,0.999073762615908
NIG,"{'learning_rate': 0.1, 'max_depth': 3, 'min_samples_leaf': 1, 'n_estimators': 100, 'subsample': 1.0}",-0.0,-0.0,0.0,0.0,1.0
NOR,"{'learning_rate': 0.1, 'max_depth': 3, 'min_samples_leaf': 2, 'n_estimators': 100, 'subsample': 1.0}",6.214573711242326,2.4929046735168847,0.030485529399807778,0.1746010578427513,0.9951771387838152
NRU,"{'learning_rate': 0.1, 'max_depth': 3, 'min_samples_leaf': 1, 'n_estimators': 100, 'subsample': 1.0}",-0.0,-0.0,0.0,0.0,1.0
NZL,"{'learning_rate': 0.05, 'max_depth': 3, 'min_samples_leaf': 2, 'n_estimators': 100, 'subsample': 0.8}",9.478846962975222,3.0787736134661188,0.31704014143061365,0.5630631771219049,0.9532564589733709
OMA,"{'learning_rate': 0.1, 'max_depth': 3, 'min_samples_leaf': 1, 'n_estimators': 100, 'subsample': 1.0}",-0.0,-0.0,0.0,0.0,1.0
PAK,"{'learning_rate': 0.05, 'max_depth': 3, 'min_samples_leaf': 1, 'n_estimators': 100, 'subsample': 0.8}",0.22064166298352816,0.46972509298900367,0.004579406086816773,0.06767130918503626,0.972447240044319
PAN,"{'learning_rate': 0.1, 'max_depth': 3, 'min_samples_leaf': 1, 'n_estimators': 200, 'subsample': 0.8}",0.06723649554032007,0.259300010683224,4.7930045308069463e-11,6.923152844482741e-06,0.9999999990387363
PAR,"{'learning_rate': 0.1, 'max_depth': 3, 'min_samples_leaf': 1, 'n_estimators': 100, 'subsample': 1.0}",-0.0,-0.0,0.0,0.0,1.0
PER,"{'learning_rate': 0.1, 'max_depth': 3, 'min_samples_leaf': 1, 'n_estimators': 200, 'subsample': 1.0}",0.04,0.2,1.8600383364658972e-16,1.3638322244564752e-08,0.9999999999999957
PHI,"{'learning_rate': 0.1, 'max_depth': 3, 'min_samples_leaf': 1, 'n_estimators': 200, 'subsample': 1.0}",0.25,0.5,1.96513907160852e-16,1.4018341812099318e-08,0.999999999999999
PLE,"{'learning_rate': 0.1, 'max_depth': 3, 'min_samples_leaf': 1, 'n_estimators': 100, 'subsample': 1.0}",-0.0,-0.0,0.0,0.0,1.0
PLW,"{'learning_rate': 0.1, 'max_depth': 3, 'min_samples_leaf': 1, 'n_estimators': 100, 'subsample': 1.0}",-0.0,-0.0,0.0,0.0,1.0
PNG,"{'learning_rate': 0.1, 'max_depth': 3, 'min_samples_leaf': 1, 'n_estimators': 100, 'subsample': 1.0}",-0.0,-0.0,0.0,0.0,1.0
POL,"{'learning_rate': 0.1, 'max_depth': 3, 'min_samples_leaf': 2, 'n_estimators': 100, 'subsample': 0.8}",5.954068795460844,2.4400960627526214,0.013844335803040472,0.11766195563154844,0.9975173295695668
POR,"{'learning_rate': 0.1, 'max_depth': 3, 'min_samples_leaf': 2, 'n_estimators': 100, 'subsample': 0.8}",0.20454459661292884,0.4522660683855565,0.00022420212391483757,0.014973380510587365,0.9987369947019464
PRK,"{'learning_rate': 0.05, 'max_depth': 4, 'min_samples_leaf': 1, 'n_estimators': 100, 'subsample': 1.0}",2.6541531210328135,1.6291571811930283,7.242286415046986e-05,0.008510162404470896,0.9999649473337512
PUR,"{'learning_rate': 0.1, 'max_depth': 3, 'min_samples_leaf': 1, 'n_estimators': 200, 'subsample': 1.0}",0.10000000000000002,0.31622776601683794,2.050432757538782e-16,1.4319332238406867e-08,0.9999999999999977
QAT,"{'learning_rate': 0.1, 'max_depth': 4, 'min_samples_leaf': 1, 'n_estimators': 100, 'subsample': 0.8}",0.4328152939676054,0.6578869917908435,3.851181394493328e-06,0.0019624427111366405,0.9999883501762816
ROU,"{'learning_rate': 0.1, 'max_depth': 3, 'min_samples_leaf': 2, 'n_estimators': 100, 'subsample': 0.8}",26.422162202542232,5.140249235449798,0.008448655591738638,0.09191656864645589,0.9995520182619128
RSA,"{'learning_rate': 0.05, 'max_depth': 3, 'min_samples_leaf': 1, 'n_estimators': 100, 'subsample': 1.0}",2.355842653538253,1.5348754521257588,0.04178755408904199,0.20442004326641258,0.9746863855037534
RWA,"{'learning_rate': 0.1, 'max_depth': 3, 'min_samples_leaf': 1, 'n_estimators': 100, 'subsample': 1.0}",-0.0,-0.0,0.0,0.0,1.0
SAM,"{'learning_rate': 0.1, 'max_depth': 3, 'min_samples_leaf': 1, 'n_estimators': 100, 'subsample': 1.0}",-0.0,-0.0,0.0,0.0,1.0
SEN,"{'learning_rate': 0.1, 'max_depth': 3, 'min_samples_leaf': 1, 'n_estimators': 100, 'subsample': 1.0}",-0.0,-0.0,0.0,0.0,1.0
SEY,"{'learning_rate': 0.1, 'max_depth': 3, 'min_samples_leaf': 1, 'n_estimators': 100, 'subsample': 1.0}",-0.0,-0.0,0.0,0.0,1.0
SGP,"{'learning_rate': 0.05, 'max_depth': 4, 'min_samples_leaf': 2, 'n_estimators': 100, 'subsample': 0.8}",0.09722521792907915,0.3118095860121673,0.005825158177817568,0.07632272386267126,0.8889793382580652
SKN,"{'learning_rate': 0.1, 'max_depth': 3, 'min_samples_leaf': 1, 'n_estimators': 100, 'subsample': 1.0}",-0.0,-0.0,0.0,0.0,1.0
SLE,"{'learning_rate': 0.1, 'max_depth': 3, 'min_samples_leaf': 1, 'n_estimators': 100, 'subsample': 1.0}",-0.0,-0.0,0.0,0.0,1.0
SLO,"{'learning_rate': 0.05, 'max_depth': 3, 'min_samples_leaf': 2, 'n_estimators': 100, 'subsample': 1.0}",1.068471102950244,1.033668758815049,0.013621951271189876,0.11671311524927212,0.9862077743379203
SMR,"{'learning_rate': 0.1, 'max_depth': 3, 'min_samples_leaf': 1, 'n_estimators': 100, 'subsample': 1.0}",-0.0,-0.0,0.0,0.0,1.0
SOL,"{'learning_rate': 0.1, 'max_depth': 3, 'min_samples_leaf': 1, 'n_estimators': 100, 'subsample': 1.0}",-0.0,-0.0,0.0,0.0,1.0
SOM,"{'learning_rate': 0.1, 'max_depth': 3, 'min_samples_leaf': 1, 'n_estimators': 100, 'subsample': 1.0}",-0.0,-0.0,0.0,0.0,1.0
SRB,"{'learning_rate': 0.05, 'max_depth': 3, 'min_samples_leaf': 1, 'n_estimators': 200, 'subsample': 1.0}",0.16947882427493047,0.4116780590156955,1.9112946395606086e-09,4.371835586524965e-05,0.9999999987713106
SRI,"{'learning_rate': 0.1, 'max_depth': 3, 'min_samples_leaf': 1, 'n_estimators': 100, 'subsample': 1.0}",-0.0,-0.0,0.0,0.0,1.0
STP,"{'learning_rate': 0.1, 'max_depth': 3, 'min_samples_leaf': 1, 'n_estimators': 100, 'subsample': 1.0}",-0.0,-0.0,0.0,0.0,1.0
SUD,"{'learning_rate': 0.1, 'max_depth': 3, 'min_samples_leaf': 1, 'n_estimators': 100, 'subsample': 1.0}",-0.0,-0.0,0.0,0.0,1.0
SUI,"{'learning_rate': 0.1, 'max_depth': 3, 'min_samples_leaf': 2, 'n_estimators': 200, 'subsample': 0.8}",6.74106469530866,2.5963560417070424,0.000224988229964318,0.014999607660346253,0.9999472392169362
SUR,"{'learning_rate': 0.05, 'max_depth': 4, 'min_samples_leaf': 2, 'n_estimators': 100, 'subsample': 1.0}",0.09075652146288657,0.30125823053136086,0.0013398485877387785,0.036603942243135214,0.9797992059079385
SVK,"{'learning_rate': 0.1, 'max_depth': 3, 'min_samples_leaf': 2, 'n_estimators': 200, 'subsample': 1.0}",1.004379542517997,1.0021873789456726,4.399796962504858e-06,0.002097569298618012,0.99999530688324
SWE,"{'learning_rate': 0.05, 'max_depth': 3, 'min_samples_leaf': 1, 'n_estimators': 100, 'subsample': 1.0}",33.88332863920221,5.820938810810693,0.30501409342679586,0.5522808103010604,0.9905652775610353
SWZ,"{'learning_rate': 0.1, 'max_depth': 3, 'min_samples_leaf': 1, 'n_estimators': 100, 'subsample': 1.0}",-0.0,-0.0,0.0,0.0,1.0
SYR,"{'learning_rate': 0.1, 'max_depth': 4, 'min_samples_leaf': 1, 'n_estimators': 100, 'subsample': 0.8}",0.12413129984849092,0.35232272116412094,1.1174476782608478e-07,0.00033428246712336677,0.9999982041019456
TAN,"{'learning_rate': 0.1, 'max_depth': 3, 'min_samples_leaf': 1, 'n_estimators': 100, 'subsample': 1.0}",-0.0,-0.0,0.0,0.0,1.0
TGA,"{'learning_rate': 0.1, 'max_depth': 3, 'min_samples_leaf': 1, 'n_estimators': 100, 'subsample': 1.0}",-0.0,-0.0,0.0,0.0,1.0
THA,"{'learning_rate': 0.05, 'max_depth': 3, 'min_samples_leaf': 2, 'n_estimators': 100, 'subsample': 0.8}",0.7382649169569404,0.8592234383191257,0.01938149411509082,0.13921743466639092,0.9755657428276676
TJK,"{'learning_rate': 0.05, 'max_depth': 3, 'min_samples_leaf': 2, 'n_estimators': 100, 'subsample': 0.8}",0.14354339516582093,0.37887121184621686,0.008937490167320941,0.09453830000227918,0.9182858041844942
TKM,"{'learning_rate': 0.1, 'max_depth': 3, 'min_samples_leaf': 1, 'n_estimators': 100, 'subsample': 1.0}",-0.0,-0.0,0.0,0.0,1.0
TLS,"{'learning_rate': 0.1, 'max_depth': 3, 'min_samples_leaf': 1, 'n_estimators': 100, 'subsample': 1.0}",-0.0,-0.0,0.0,0.0,1.0
TOG,"{'learning_rate': 0.1, 'max_depth': 3, 'min_samples_leaf': 1, 'n_estimators': 100, 'subsample': 1.0}",-0.0,-0.0,0.0,0.0,1.0
TPE,"{'learning_rate': 0.1, 'max_depth': 4, 'min_samples_leaf': 1, 'n_estimators': 200, 'subsample': 0.8}",0.5160547899347443,0.7183695357785882,4.380573489464635e-12,2.09298196109394e-06,0.999999999992947
TTO,"{'learning_rate': 0.05, 'max_depth': 3, 'min_samples_leaf': 2, 'n_estimators': 100, 'subsample': 0.8}",0.29377783623649967,0.5420127639055188,0.004834650195430968,0.0695316488761123,0.9636394016551962
TUN,"{'learning_rate': 0.05, 'max_depth': 3, 'min_samples_leaf': 2, 'n_estimators': 100, 'subsample': 1.0}",0.5854130332367049,0.7651228876701474,0.01165158822314353,0.10794252277551943,0.9675781892921224
TUR,"{'learning_rate': 0.1, 'max_depth': 3, 'min_samples_leaf': 1, 'n_estimators': 200, 'subsample': 1.0}",5.2966132966797375,2.30143722414489,1.8754762395708798e-07,0.00043306768980967393,0.9999999453277683
TUV,"{'learning_rate': 0.1, 'max_depth': 3, 'min_samples_leaf': 1, 'n_estimators': 100, 'subsample': 1.0}",-0.0,-0.0,0.0,0.0,1.0
UAE,"{'learning_rate': 0.05, 'max_depth': 3, 'min_samples_leaf': 2, 'n_estimators': 100, 'subsample': 0.8}",0.20857721430854595,0.4567025446705393,0.013022457150850564,0.11411598113695805,0.8424282684747082
UGA,"{'learning_rate': 0.05, 'max_depth': 4, 'min_samples_leaf': 2, 'n_estimators': 100, 'subsample': 1.0}",0.31932986675363007,0.5650927948165948,0.0031251120081480545,0.055902701259850175,0.9903919428685661
UKR,"{'learning_rate': 0.1, 'max_depth': 3, 'min_samples_leaf': 1, 'n_estimators': 200, 'subsample': 0.8}",3.932403336231398,1.9830288288956865,3.065881752502766e-11,5.537040502382808e-06,0.9999999999960119
URU,"{'learning_rate': 0.1, 'max_depth': 3, 'min_samples_leaf': 1, 'n_estimators': 200, 'subsample': 1.0}",0.08,0.282842712474619,1.8088253591066212e-16,1.344925782006807e-08,0.9999999999999977
USA,"{'learning_rate': 0.05, 'max_depth': 4, 'min_samples_leaf': 1, 'n_estimators': 100, 'subsample': 0.8}",175.84729256035658,13.260742534275996,0.5735774681214979,0.757348973803687,0.9976253204162691
UZB,"{'learning_rate': 0.1, 'max_depth': 3, 'min_samples_leaf': 2, 'n_estimators': 100, 'subsample': 0.8}",4.829819220741214,2.1976849684932582,0.06798221526496841,0.26073399330537705,0.9898344351005655
VAN,"{'learning_rate': 0.1, 'max_depth': 3, 'min_samples_leaf': 1, 'n_estimators': 100, 'subsample': 1.0}",-0.0,-0.0,0.0,0.0,1.0
VEN,"{'learning_rate': 0.1, 'max_depth': 4, 'min_samples_leaf': 1, 'n_estimators': 200, 'subsample': 0.8}",0.29544161310104944,0.5435454103394209,2.8039632244444525e-10,1.6745038741204668e-05,0.9999999977100967
VIE,"{'learning_rate': 0.05, 'max_depth': 3, 'min_samples_leaf': 2, 'n_estimators': 100, 'subsample': 0.8}",0.12521082875303063,0.3538514218609707,0.011633007236044372,0.10785641954025904,0.8592406124438631
VIN,"{'learning_rate': 0.1, 'max_depth': 3, 'min_samples_leaf': 1, 'n_estimators': 100, 'subsample': 1.0}",-0.0,-0.0,0.0,0.0,1.0
VNM,"{'learning_rate': 0.1, 'max_depth': 3, 'min_samples_leaf': 1, 'n_estimators': 100, 'subsample': 1.0}",-0.0,-0.0,0.0,0.0,1.0
YEM,"{'learning_rate': 0.1, 'max_depth': 3, 'min_samples_leaf': 1, 'n_estimators': 100, 'subsample': 1.0}",-0.0,-0.0,0.0,0.0,1.0
ZAM,"{'learning_rate': 0.1, 'max_depth': 3, 'min_samples_leaf': 1, 'n_estimators': 100, 'subsample': 1.0}",-0.0,-0.0,0.0,0.0,1.0
ZIM,"{'learning_rate': 0.05, 'max_depth': 4, 'min_samples_leaf': 1, 'n_estimators': 200, 'subsample': 0.8}",0.324823553273249,0.5699329375226958,1.0221358462773993e-07,0.00031970859329667685,0.999999361165096
